{
    "loss": 5.172098636627197,
    "accuracy": 0.5035971403121948
}